timestamp,symbol,side,price,qty,pnl,balance
2026-08-03T00:00:20.008Z,ETH/USDC#core,BUY,1882.67000000,0.02510000,0.00,142.18
2026-08-03T00:01:52.716Z,ETH/USDC,BUY,1882.10000000,0.02507615,0.00,142.18
2026-08-03T12:00:23.960Z,ETH/USDC#core,BUY,1838.10000000,0.00700000,0.00,129.31
2026-08-04T08:37:37.961Z,ETH/USDC#core,SELL,1855.86000000,0.00660000,-0.11,141.55
2026-08-04T12:00:22.473Z,BTC/USDC#core,BUY,63836.07000000,0.00073000,0.00,94.95
2026-08-12T00:00:27.637Z,BTC/USDC#core,SELL,63527.84000000,0.00072000,-0.82,140.64
2026-08-12T12:00:19.764Z,BTC/USDC#core,BUY,64195.29000000,0.00073000,0.00,93.78
2026-08-14T00:00:25.579Z,BTC/USDC#core,SELL,63453.71000000,0.00073000,-0.54,140.06
2026-08-19T00:00:19.249Z,BTC/USDC#core,BUY,64693.35000000,0.00072000,0.00,93.48
2026-08-20T00:00:18.594Z,DOGE/USDC,BUY,0.07502000,230.00000000,0.00,101.15
2026-08-21T21:21:34.161Z,DOGE/USDC,SELL,0.08867000,229.00000000,3.06,121.44
2026-08-22T00:00:19.130Z,ETH/USDC#core,SELL,2513.21000000,0.00520000,3.33,134.49
2026-09-09T00:00:18.549Z,CRV/USDC,BUY,0.36340000,44.70000000,0.00,118.25
2026-09-10T01:39:31.212Z,CRV/USDC,SELL,0.34440000,44.60000000,-0.87,133.59
2026-09-14T12:00:18.607Z,INJ/USDC,BUY,6.04800000,2.67000000,0.00,117.45
2026-09-15T07:35:35.897Z,INJ/USDC,SELL,6.04100000,2.66000000,-0.08,133.50
2026-09-19T00:00:15.347Z,BTC/USDC,BUY,80909.40000000,0.00045000,0.00,97.09
2026-09-25T00:00:17.266Z,LDO/USDC,BUY,0.43780000,37.48000000,0.00,80.68
2026-09-25T18:51:52.744Z,LDO/USDC,SELL,0.49330000,37.45000000,2.06,99.14
2026-09-26T12:00:19.788Z,BTC/USDC,SELL,84166.00000000,0.00045000,1.46,136.98
2026-09-28T11:38:10.734Z,BTC/USDC#core,BUY,83027.50000000,0.00024000,0.00,186.17
2026-09-28T11:38:11.898Z,ETH/USDC#core,BUY,2665.89000000,0.00970000,0.00,160.31
2026-09-28T12:00:18.850Z,BTC/USDC#core,SELL,83061.35000000,0.00038000,5.24,191.84
2026-09-28T12:00:19.794Z,ETH/USDC#core,SELL,2667.42000000,0.01190000,6.40,223.55
